season,league,role,minutes_band,player_seasons
2010,Bundesliga,Attack,1800+,22
2010,Bundesliga,Attack,450-899,13
2010,Bundesliga,Attack,900-1799,25
2010,Bundesliga,Attack,<450,17
2010,Bundesliga,Defender,1800+,53
2010,Bundesliga,Defender,450-899,8
2010,Bundesliga,Defender,900-1799,30
2010,Bundesliga,Defender,<450,18
2010,Bundesliga,Goalkeeper,1800+,11
2010,Bundesliga,Goalkeeper,450-899,2
2010,Bundesliga,Goalkeeper,<450,15
2010,Bundesliga,Midfield,1800+,36
2010,Bundesliga,Midfield,450-899,11
2010,Bundesliga,Midfield,900-1799,22
2010,Bundesliga,Midfield,<450,28
2010,Bundesliga,unknown,1800+,36
2010,Bundesliga,unknown,450-899,32
2010,Bundesliga,unknown,900-1799,33
2010,Bundesliga,unknown,<450,77
2010,La Liga,Attack,1800+,35
2010,La Liga,Attack,450-899,11
2010,La Liga,Attack,900-1799,26
2010,La Liga,Attack,<450,21
2010,La Liga,Defender,1800+,50
2010,La Liga,Defender,450-899,9
2010,La Liga,Defender,900-1799,32
2010,La Liga,Defender,<450,21
2010,La Liga,Goalkeeper,1800+,12
2010,La Liga,Goalkeeper,450-899,3
2010,La Liga,Goalkeeper,900-1799,6
2010,La Liga,Goalkeeper,<450,5
2010,La Liga,Midfield,1800+,41
2010,La Liga,Midfield,450-899,8
2010,La Liga,Midfield,900-1799,23
2010,La Liga,Midfield,<450,18
2010,La Liga,Missing,450-899,1
2010,La Liga,Missing,<450,1
2010,La Liga,unknown,1800+,53
2010,La Liga,unknown,450-899,42
2010,La Liga,unknown,900-1799,63
2010,La Liga,unknown,<450,64
2010,Ligue 1,Attack,1800+,32
2010,Ligue 1,Attack,450-899,11
2010,Ligue 1,Attack,900-1799,23
2010,Ligue 1,Attack,<450,22
2010,Ligue 1,Defender,1800+,58
2010,Ligue 1,Defender,450-899,14
2010,Ligue 1,Defender,900-1799,21
2010,Ligue 1,Defender,<450,17
2010,Ligue 1,Goalkeeper,1800+,13
2010,Ligue 1,Goalkeeper,450-899,3
2010,Ligue 1,Goalkeeper,900-1799,5
2010,Ligue 1,Goalkeeper,<450,8
2010,Ligue 1,Midfield,1800+,50
2010,Ligue 1,Midfield,450-899,15
2010,Ligue 1,Midfield,900-1799,22
2010,Ligue 1,Midfield,<450,22
2010,Ligue 1,Missing,1800+,1
2010,Ligue 1,unknown,1800+,48
2010,Ligue 1,unknown,450-899,28
2010,Ligue 1,unknown,900-1799,54
2010,Ligue 1,unknown,<450,62
2010,Premier League,Attack,1800+,32
2010,Premier League,Attack,450-899,9
2010,Premier League,Attack,900-1799,24
2010,Premier League,Attack,<450,27
2010,Premier League,Defender,1800+,57
2010,Premier League,Defender,450-899,14
2010,Premier League,Defender,900-1799,31
2010,Premier League,Defender,<450,36
2010,Premier League,Goalkeeper,1800+,13
2010,Premier League,Goalkeeper,450-899,4
2010,Premier League,Goalkeeper,900-1799,2
2010,Premier League,Goalkeeper,<450,10
2010,Premier League,Midfield,1800+,39
2010,Premier League,Midfield,450-899,11
2010,Premier League,Midfield,900-1799,24
2010,Premier League,Midfield,<450,26
2010,Premier League,unknown,1800+,59
2010,Premier League,unknown,450-899,37
2010,Premier League,unknown,900-1799,50
2010,Premier League,unknown,<450,61
2010,Serie A,Attack,1800+,29
2010,Serie A,Attack,450-899,14
2010,Serie A,Attack,900-1799,25
2010,Serie A,Attack,<450,29
2010,Serie A,Defender,1800+,63
2010,Serie A,Defender,450-899,12
2010,Serie A,Defender,900-1799,39
2010,Serie A,Defender,<450,20
2010,Serie A,Goalkeeper,1800+,17
2010,Serie A,Goalkeeper,450-899,4
2010,Serie A,Goalkeeper,900-1799,3
2010,Serie A,Goalkeeper,<450,18
2010,Serie A,Midfield,1800+,49
2010,Serie A,Midfield,450-899,8
2010,Serie A,Midfield,900-1799,24
2010,Serie A,Midfield,<450,28
2010,Serie A,unknown,1800+,33
2010,Serie A,unknown,450-899,44
2010,Serie A,unknown,900-1799,47
2010,Serie A,unknown,<450,70
2011,Bundesliga,Attack,1800+,22
2011,Bundesliga,Attack,450-899,15
2011,Bundesliga,Attack,900-1799,33
2011,Bundesliga,Attack,<450,27
2011,Bundesliga,Defender,1800+,48
2011,Bundesliga,Defender,450-899,10
2011,Bundesliga,Defender,900-1799,32
2011,Bundesliga,Defender,<450,23
2011,Bundesliga,Goalkeeper,1800+,11
2011,Bundesliga,Goalkeeper,450-899,4
2011,Bundesliga,Goalkeeper,900-1799,8
2011,Bundesliga,Goalkeeper,<450,4
2011,Bundesliga,Midfield,1800+,41
2011,Bundesliga,Midfield,450-899,9
2011,Bundesliga,Midfield,900-1799,28
2011,Bundesliga,Midfield,<450,21
2011,Bundesliga,unknown,1800+,28
2011,Bundesliga,unknown,450-899,30
2011,Bundesliga,unknown,900-1799,22
2011,Bundesliga,unknown,<450,61
2011,La Liga,Attack,1800+,41
2011,La Liga,Attack,450-899,15
2011,La Liga,Attack,900-1799,26
2011,La Liga,Attack,<450,23
2011,La Liga,Defender,1800+,61
2011,La Liga,Defender,450-899,11
2011,La Liga,Defender,900-1799,31
2011,La Liga,Defender,<450,23
2011,La Liga,Goalkeeper,1800+,15
2011,La Liga,Goalkeeper,450-899,4
2011,La Liga,Goalkeeper,900-1799,8
2011,La Liga,Goalkeeper,<450,8
2011,La Liga,Midfield,1800+,38
2011,La Liga,Midfield,450-899,17
2011,La Liga,Midfield,900-1799,32
2011,La Liga,Midfield,<450,34
2011,La Liga,unknown,1800+,43
2011,La Liga,unknown,450-899,28
2011,La Liga,unknown,900-1799,40
2011,La Liga,unknown,<450,58
2011,Ligue 1,Attack,1800+,37
2011,Ligue 1,Attack,450-899,19
2011,Ligue 1,Attack,900-1799,22
2011,Ligue 1,Attack,<450,38
2011,Ligue 1,Defender,1800+,69
2011,Ligue 1,Defender,450-899,16
2011,Ligue 1,Defender,900-1799,20
2011,Ligue 1,Defender,<450,24
2011,Ligue 1,Goalkeeper,1800+,14
2011,Ligue 1,Goalkeeper,450-899,3
2011,Ligue 1,Goalkeeper,900-1799,1
2011,Ligue 1,Goalkeeper,<450,8
2011,Ligue 1,Midfield,1800+,53
2011,Ligue 1,Midfield,450-899,17
2011,Ligue 1,Midfield,900-1799,25
2011,Ligue 1,Midfield,<450,23
2011,Ligue 1,Missing,1800+,1
2011,Ligue 1,unknown,1800+,39
2011,Ligue 1,unknown,450-899,12
2011,Ligue 1,unknown,900-1799,36
2011,Ligue 1,unknown,<450,66
2011,Premier League,Attack,1800+,32
2011,Premier League,Attack,450-899,15
2011,Premier League,Attack,900-1799,29
2011,Premier League,Attack,<450,38
2011,Premier League,Defender,1800+,64
2011,Premier League,Defender,450-899,16
2011,Premier League,Defender,900-1799,33
2011,Premier League,Defender,<450,32
2011,Premier League,Goalkeeper,1800+,17
2011,Premier League,Goalkeeper,450-899,3
2011,Premier League,Goalkeeper,900-1799,5
2011,Premier League,Goalkeeper,<450,3
2011,Premier League,Midfield,1800+,48
2011,Premier League,Midfield,450-899,20
2011,Premier League,Midfield,900-1799,26
2011,Premier League,Midfield,<450,31
2011,Premier League,unknown,1800+,36
2011,Premier League,unknown,450-899,28
2011,Premier League,unknown,900-1799,32
2011,Premier League,unknown,<450,55
2011,Serie A,Attack,1800+,26
2011,Serie A,Attack,450-899,26
2011,Serie A,Attack,900-1799,30
2011,Serie A,Attack,<450,32
2011,Serie A,Defender,1800+,64
2011,Serie A,Defender,450-899,25
2011,Serie A,Defender,900-1799,35
2011,Serie A,Defender,<450,25
2011,Serie A,Goalkeeper,1800+,17
2011,Serie A,Goalkeeper,450-899,1
2011,Serie A,Goalkeeper,900-1799,4
2011,Serie A,Goalkeeper,<450,14
2011,Serie A,Midfield,1800+,54
2011,Serie A,Midfield,450-899,13
2011,Serie A,Midfield,900-1799,27
2011,Serie A,Midfield,<450,37
2011,Serie A,unknown,1800+,30
2011,Serie A,unknown,450-899,21
2011,Serie A,unknown,900-1799,37
2011,Serie A,unknown,<450,53
2012,Bundesliga,Attack,1800+,33
2012,Bundesliga,Attack,450-899,20
2012,Bundesliga,Attack,900-1799,31
2012,Bundesliga,Attack,<450,38
2012,Bundesliga,Defender,1800+,54
2012,Bundesliga,Defender,450-899,17
2012,Bundesliga,Defender,900-1799,42
2012,Bundesliga,Defender,<450,27
2012,Bundesliga,Goalkeeper,1800+,17
2012,Bundesliga,Goalkeeper,450-899,4
2012,Bundesliga,Goalkeeper,900-1799,2
2012,Bundesliga,Goalkeeper,<450,7
2012,Bundesliga,Midfield,1800+,39
2012,Bundesliga,Midfield,450-899,13
2012,Bundesliga,Midfield,900-1799,32
2012,Bundesliga,Midfield,<450,35
2012,Bundesliga,unknown,1800+,12
2012,Bundesliga,unknown,450-899,16
2012,Bundesliga,unknown,900-1799,14
2012,Bundesliga,unknown,<450,36
2012,La Liga,Attack,1800+,41
2012,La Liga,Attack,450-899,18
2012,La Liga,Attack,900-1799,36
2012,La Liga,Attack,<450,28
2012,La Liga,Defender,1800+,67
2012,La Liga,Defender,450-899,15
2012,La Liga,Defender,900-1799,42
2012,La Liga,Defender,<450,21
2012,La Liga,Goalkeeper,1800+,16
2012,La Liga,Goalkeeper,450-899,1
2012,La Liga,Goalkeeper,900-1799,8
2012,La Liga,Goalkeeper,<450,12
2012,La Liga,Midfield,1800+,50
2012,La Liga,Midfield,450-899,16
2012,La Liga,Midfield,900-1799,33
2012,La Liga,Midfield,<450,33
2012,La Liga,unknown,1800+,20
2012,La Liga,unknown,450-899,19
2012,La Liga,unknown,900-1799,33
2012,La Liga,unknown,<450,42
2012,Ligue 1,Attack,1800+,31
2012,Ligue 1,Attack,450-899,17
2012,Ligue 1,Attack,900-1799,36
2012,Ligue 1,Attack,<450,36
2012,Ligue 1,Defender,1800+,63
2012,Ligue 1,Defender,450-899,21
2012,Ligue 1,Defender,900-1799,40
2012,Ligue 1,Defender,<450,31
2012,Ligue 1,Goalkeeper,1800+,18
2012,Ligue 1,Goalkeeper,450-899,1
2012,Ligue 1,Goalkeeper,<450,10
2012,Ligue 1,Midfield,1800+,59
2012,Ligue 1,Midfield,450-899,15
2012,Ligue 1,Midfield,900-1799,44
2012,Ligue 1,Midfield,<450,26
2012,Ligue 1,unknown,1800+,18
2012,Ligue 1,unknown,450-899,17
2012,Ligue 1,unknown,900-1799,19
2012,Ligue 1,unknown,<450,47
2012,Premier League,Attack,1800+,40
2012,Premier League,Attack,450-899,21
2012,Premier League,Attack,900-1799,28
2012,Premier League,Attack,<450,39
2012,Premier League,Defender,1800+,63
2012,Premier League,Defender,450-899,23
2012,Premier League,Defender,900-1799,42
2012,Premier League,Defender,<450,28
2012,Premier League,Goalkeeper,1800+,19
2012,Premier League,Goalkeeper,450-899,4
2012,Premier League,Goalkeeper,900-1799,1
2012,Premier League,Goalkeeper,<450,12
2012,Premier League,Midfield,1800+,48
2012,Premier League,Midfield,450-899,17
2012,Premier League,Midfield,900-1799,37
2012,Premier League,Midfield,<450,38
2012,Premier League,unknown,1800+,27
2012,Premier League,unknown,450-899,10
2012,Premier League,unknown,900-1799,25
2012,Premier League,unknown,<450,38
2012,Serie A,Attack,1800+,30
2012,Serie A,Attack,450-899,27
2012,Serie A,Attack,900-1799,27
2012,Serie A,Attack,<450,33
2012,Serie A,Defender,1800+,70
2012,Serie A,Defender,450-899,30
2012,Serie A,Defender,900-1799,34
2012,Serie A,Defender,<450,25
2012,Serie A,Goalkeeper,1800+,15
2012,Serie A,Goalkeeper,450-899,9
2012,Serie A,Goalkeeper,900-1799,6
2012,Serie A,Goalkeeper,<450,14
2012,Serie A,Midfield,1800+,52
2012,Serie A,Midfield,450-899,29
2012,Serie A,Midfield,900-1799,48
2012,Serie A,Midfield,<450,30
2012,Serie A,unknown,1800+,23
2012,Serie A,unknown,450-899,23
2012,Serie A,unknown,900-1799,17
2012,Serie A,unknown,<450,45
2013,Bundesliga,Attack,1800+,35
2013,Bundesliga,Attack,450-899,22
2013,Bundesliga,Attack,900-1799,25
2013,Bundesliga,Attack,<450,44
2013,Bundesliga,Defender,1800+,60
2013,Bundesliga,Defender,450-899,19
2013,Bundesliga,Defender,900-1799,43
2013,Bundesliga,Defender,<450,27
2013,Bundesliga,Goalkeeper,1800+,14
2013,Bundesliga,Goalkeeper,450-899,3
2013,Bundesliga,Goalkeeper,900-1799,6
2013,Bundesliga,Goalkeeper,<450,10
2013,Bundesliga,Midfield,1800+,40
2013,Bundesliga,Midfield,450-899,23
2013,Bundesliga,Midfield,900-1799,36
2013,Bundesliga,Midfield,<450,37
2013,Bundesliga,unknown,1800+,5
2013,Bundesliga,unknown,450-899,2
2013,Bundesliga,unknown,900-1799,8
2013,Bundesliga,unknown,<450,20
2013,La Liga,Attack,1800+,40
2013,La Liga,Attack,450-899,21
2013,La Liga,Attack,900-1799,41
2013,La Liga,Attack,<450,32
2013,La Liga,Defender,1800+,64
2013,La Liga,Defender,450-899,22
2013,La Liga,Defender,900-1799,50
2013,La Liga,Defender,<450,33
2013,La Liga,Goalkeeper,1800+,17
2013,La Liga,Goalkeeper,450-899,5
2013,La Liga,Goalkeeper,900-1799,6
2013,La Liga,Goalkeeper,<450,16
2013,La Liga,Midfield,1800+,56
2013,La Liga,Midfield,450-899,14
2013,La Liga,Midfield,900-1799,33
2013,La Liga,Midfield,<450,43
2013,La Liga,unknown,1800+,15
2013,La Liga,unknown,450-899,8
2013,La Liga,unknown,900-1799,13
2013,La Liga,unknown,<450,23
2013,Ligue 1,Attack,1800+,36
2013,Ligue 1,Attack,450-899,20
2013,Ligue 1,Attack,900-1799,32
2013,Ligue 1,Attack,<450,52
2013,Ligue 1,Defender,1800+,69
2013,Ligue 1,Defender,450-899,25
2013,Ligue 1,Defender,900-1799,45
2013,Ligue 1,Defender,<450,33
2013,Ligue 1,Goalkeeper,1800+,16
2013,Ligue 1,Goalkeeper,450-899,3
2013,Ligue 1,Goalkeeper,900-1799,3
2013,Ligue 1,Goalkeeper,<450,15
2013,Ligue 1,Midfield,1800+,56
2013,Ligue 1,Midfield,450-899,22
2013,Ligue 1,Midfield,900-1799,46
2013,Ligue 1,Midfield,<450,42
2013,Ligue 1,Missing,450-899,1
2013,Ligue 1,unknown,1800+,18
2013,Ligue 1,unknown,450-899,4
2013,Ligue 1,unknown,900-1799,10
2013,Ligue 1,unknown,<450,14
2013,Premier League,Attack,1800+,39
2013,Premier League,Attack,450-899,15
2013,Premier League,Attack,900-1799,32
2013,Premier League,Attack,<450,47
2013,Premier League,Defender,1800+,72
2013,Premier League,Defender,450-899,10
2013,Premier League,Defender,900-1799,48
2013,Premier League,Defender,<450,39
2013,Premier League,Goalkeeper,1800+,19
2013,Premier League,Goalkeeper,450-899,8
2013,Premier League,Goalkeeper,900-1799,7
2013,Premier League,Goalkeeper,<450,7
2013,Premier League,Midfield,1800+,59
2013,Premier League,Midfield,450-899,25
2013,Premier League,Midfield,900-1799,43
2013,Premier League,Midfield,<450,42
2013,Premier League,unknown,1800+,10
2013,Premier League,unknown,450-899,3
2013,Premier League,unknown,900-1799,7
2013,Premier League,unknown,<450,5
2013,Serie A,Attack,1800+,30
2013,Serie A,Attack,450-899,24
2013,Serie A,Attack,900-1799,31
2013,Serie A,Attack,<450,66
2013,Serie A,Defender,1800+,77
2013,Serie A,Defender,450-899,38
2013,Serie A,Defender,900-1799,42
2013,Serie A,Defender,<450,44
2013,Serie A,Goalkeeper,1800+,18
2013,Serie A,Goalkeeper,450-899,5
2013,Serie A,Goalkeeper,900-1799,8
2013,Serie A,Goalkeeper,<450,18
2013,Serie A,Midfield,1800+,57
2013,Serie A,Midfield,450-899,27
2013,Serie A,Midfield,900-1799,47
2013,Serie A,Midfield,<450,60
2013,Serie A,Missing,<450,1
2013,Serie A,unknown,1800+,11
2013,Serie A,unknown,450-899,2
2013,Serie A,unknown,900-1799,4
2013,Serie A,unknown,<450,17
2014,Bundesliga,Attack,1800+,27
2014,Bundesliga,Attack,450-899,24
2014,Bundesliga,Attack,900-1799,31
2014,Bundesliga,Attack,<450,31
2014,Bundesliga,Defender,1800+,60
2014,Bundesliga,Defender,450-899,17
2014,Bundesliga,Defender,900-1799,41
2014,Bundesliga,Defender,<450,33
2014,Bundesliga,Goalkeeper,1800+,15
2014,Bundesliga,Goalkeeper,450-899,2
2014,Bundesliga,Goalkeeper,900-1799,4
2014,Bundesliga,Goalkeeper,<450,13
2014,Bundesliga,Midfield,1800+,45
2014,Bundesliga,Midfield,450-899,29
2014,Bundesliga,Midfield,900-1799,35
2014,Bundesliga,Midfield,<450,34
2014,Bundesliga,unknown,1800+,9
2014,Bundesliga,unknown,450-899,6
2014,Bundesliga,unknown,900-1799,6
2014,Bundesliga,unknown,<450,14
2014,La Liga,Attack,1800+,47
2014,La Liga,Attack,450-899,18
2014,La Liga,Attack,900-1799,41
2014,La Liga,Attack,<450,38
2014,La Liga,Defender,1800+,72
2014,La Liga,Defender,450-899,18
2014,La Liga,Defender,900-1799,42
2014,La Liga,Defender,<450,36
2014,La Liga,Goalkeeper,1800+,18
2014,La Liga,Goalkeeper,450-899,6
2014,La Liga,Goalkeeper,900-1799,4
2014,La Liga,Goalkeeper,<450,9
2014,La Liga,Midfield,1800+,55
2014,La Liga,Midfield,450-899,19
2014,La Liga,Midfield,900-1799,39
2014,La Liga,Midfield,<450,29
2014,La Liga,Missing,1800+,1
2014,La Liga,unknown,1800+,11
2014,La Liga,unknown,450-899,5
2014,La Liga,unknown,900-1799,10
2014,La Liga,unknown,<450,25
2014,Ligue 1,Attack,1800+,36
2014,Ligue 1,Attack,450-899,27
2014,Ligue 1,Attack,900-1799,34
2014,Ligue 1,Attack,<450,51
2014,Ligue 1,Defender,1800+,71
2014,Ligue 1,Defender,450-899,19
2014,Ligue 1,Defender,900-1799,45
2014,Ligue 1,Defender,<450,29
2014,Ligue 1,Goalkeeper,1800+,17
2014,Ligue 1,Goalkeeper,450-899,3
2014,Ligue 1,Goalkeeper,900-1799,6
2014,Ligue 1,Goalkeeper,<450,15
2014,Ligue 1,Midfield,1800+,62
2014,Ligue 1,Midfield,450-899,25
2014,Ligue 1,Midfield,900-1799,42
2014,Ligue 1,Midfield,<450,39
2014,Ligue 1,unknown,1800+,7
2014,Ligue 1,unknown,450-899,6
2014,Ligue 1,unknown,900-1799,9
2014,Ligue 1,unknown,<450,17
2014,Premier League,Attack,1800+,32
2014,Premier League,Attack,450-899,21
2014,Premier League,Attack,900-1799,41
2014,Premier League,Attack,<450,66
2014,Premier League,Defender,1800+,73
2014,Premier League,Defender,450-899,20
2014,Premier League,Defender,900-1799,44
2014,Premier League,Defender,<450,31
2014,Premier League,Goalkeeper,1800+,19
2014,Premier League,Goalkeeper,450-899,3
2014,Premier League,Goalkeeper,900-1799,6
2014,Premier League,Goalkeeper,<450,11
2014,Premier League,Midfield,1800+,61
2014,Premier League,Midfield,450-899,24
2014,Premier League,Midfield,900-1799,39
2014,Premier League,Midfield,<450,44
2014,Premier League,unknown,1800+,8
2014,Premier League,unknown,450-899,5
2014,Premier League,unknown,900-1799,5
2014,Premier League,unknown,<450,8
2014,Serie A,Attack,1800+,30
2014,Serie A,Attack,450-899,33
2014,Serie A,Attack,900-1799,25
2014,Serie A,Attack,<450,52
2014,Serie A,Defender,1800+,66
2014,Serie A,Defender,450-899,28
2014,Serie A,Defender,900-1799,67
2014,Serie A,Defender,<450,43
2014,Serie A,Goalkeeper,1800+,19
2014,Serie A,Goalkeeper,450-899,4
2014,Serie A,Goalkeeper,900-1799,7
2014,Serie A,Goalkeeper,<450,21
2014,Serie A,Midfield,1800+,57
2014,Serie A,Midfield,450-899,28
2014,Serie A,Midfield,900-1799,55
2014,Serie A,Midfield,<450,47
2014,Serie A,Missing,900-1799,1
2014,Serie A,unknown,1800+,8
2014,Serie A,unknown,450-899,4
2014,Serie A,unknown,900-1799,2
2014,Serie A,unknown,<450,14
2015,Bundesliga,Attack,1800+,35
2015,Bundesliga,Attack,450-899,30
2015,Bundesliga,Attack,900-1799,22
2015,Bundesliga,Attack,<450,35
2015,Bundesliga,Attack,unknown,3
2015,Bundesliga,Defender,1800+,58
2015,Bundesliga,Defender,450-899,16
2015,Bundesliga,Defender,900-1799,47
2015,Bundesliga,Defender,<450,20
2015,Bundesliga,Defender,unknown,10
2015,Bundesliga,Goalkeeper,1800+,17
2015,Bundesliga,Goalkeeper,450-899,5
2015,Bundesliga,Goalkeeper,900-1799,1
2015,Bundesliga,Goalkeeper,<450,9
2015,Bundesliga,Goalkeeper,unknown,20
2015,Bundesliga,Midfield,1800+,37
2015,Bundesliga,Midfield,450-899,17
2015,Bundesliga,Midfield,900-1799,43
2015,Bundesliga,Midfield,<450,39
2015,Bundesliga,Midfield,unknown,15
2015,Bundesliga,unknown,1800+,7
2015,Bundesliga,unknown,450-899,2
2015,Bundesliga,unknown,900-1799,14
2015,Bundesliga,unknown,<450,8
2015,Bundesliga,unknown,unknown,26
2015,La Liga,Attack,1800+,44
2015,La Liga,Attack,450-899,16
2015,La Liga,Attack,900-1799,49
2015,La Liga,Attack,<450,38
2015,La Liga,Attack,unknown,7
2015,La Liga,Defender,1800+,71
2015,La Liga,Defender,450-899,17
2015,La Liga,Defender,900-1799,56
2015,La Liga,Defender,<450,21
2015,La Liga,Defender,unknown,11
2015,La Liga,Goalkeeper,1800+,18
2015,La Liga,Goalkeeper,450-899,4
2015,La Liga,Goalkeeper,900-1799,7
2015,La Liga,Goalkeeper,<450,8
2015,La Liga,Goalkeeper,unknown,7
2015,La Liga,Midfield,1800+,52
2015,La Liga,Midfield,450-899,15
2015,La Liga,Midfield,900-1799,39
2015,La Liga,Midfield,<450,32
2015,La Liga,Midfield,unknown,2
2015,La Liga,Missing,1800+,1
2015,La Liga,unknown,1800+,7
2015,La Liga,unknown,450-899,8
2015,La Liga,unknown,900-1799,6
2015,La Liga,unknown,<450,18
2015,La Liga,unknown,unknown,32
2015,Ligue 1,Attack,1800+,38
2015,Ligue 1,Attack,450-899,27
2015,Ligue 1,Attack,900-1799,33
2015,Ligue 1,Attack,<450,49
2015,Ligue 1,Attack,unknown,14
2015,Ligue 1,Defender,1800+,75
2015,Ligue 1,Defender,450-899,16
2015,Ligue 1,Defender,900-1799,48
2015,Ligue 1,Defender,<450,25
2015,Ligue 1,Defender,unknown,12
2015,Ligue 1,Goalkeeper,1800+,19
2015,Ligue 1,Goalkeeper,450-899,5
2015,Ligue 1,Goalkeeper,900-1799,4
2015,Ligue 1,Goalkeeper,<450,10
2015,Ligue 1,Goalkeeper,unknown,15
2015,Ligue 1,Midfield,1800+,61
2015,Ligue 1,Midfield,450-899,20
2015,Ligue 1,Midfield,900-1799,40
2015,Ligue 1,Midfield,<450,42
2015,Ligue 1,Midfield,unknown,16
2015,Ligue 1,Missing,900-1799,1
2015,Ligue 1,unknown,1800+,9
2015,Ligue 1,unknown,450-899,5
2015,Ligue 1,unknown,900-1799,7
2015,Ligue 1,unknown,<450,11
2015,Ligue 1,unknown,unknown,27
2015,Premier League,Attack,1800+,41
2015,Premier League,Attack,450-899,24
2015,Premier League,Attack,900-1799,35
2015,Premier League,Attack,<450,53
2015,Premier League,Attack,unknown,13
2015,Premier League,Defender,1800+,79
2015,Premier League,Defender,450-899,25
2015,Premier League,Defender,900-1799,35
2015,Premier League,Defender,<450,35
2015,Premier League,Defender,unknown,13
2015,Premier League,Goalkeeper,1800+,19
2015,Premier League,Goalkeeper,450-899,7
2015,Premier League,Goalkeeper,900-1799,4
2015,Premier League,Goalkeeper,<450,15
2015,Premier League,Goalkeeper,unknown,13
2015,Premier League,Midfield,1800+,59
2015,Premier League,Midfield,450-899,21
2015,Premier League,Midfield,900-1799,39
2015,Premier League,Midfield,<450,41
2015,Premier League,Midfield,unknown,19
2015,Premier League,unknown,1800+,6
2015,Premier League,unknown,450-899,2
2015,Premier League,unknown,900-1799,3
2015,Premier League,unknown,<450,5
2015,Premier League,unknown,unknown,32
2015,Serie A,Attack,1800+,28
2015,Serie A,Attack,450-899,28
2015,Serie A,Attack,900-1799,40
2015,Serie A,Attack,<450,49
2015,Serie A,Attack,unknown,10
2015,Serie A,Defender,1800+,70
2015,Serie A,Defender,450-899,34
2015,Serie A,Defender,900-1799,54
2015,Serie A,Defender,<450,52
2015,Serie A,Defender,unknown,23
2015,Serie A,Goalkeeper,1800+,19
2015,Serie A,Goalkeeper,450-899,8
2015,Serie A,Goalkeeper,900-1799,7
2015,Serie A,Goalkeeper,<450,11
2015,Serie A,Goalkeeper,unknown,30
2015,Serie A,Midfield,1800+,60
2015,Serie A,Midfield,450-899,20
2015,Serie A,Midfield,900-1799,51
2015,Serie A,Midfield,<450,55
2015,Serie A,Midfield,unknown,14
2015,Serie A,unknown,1800+,3
2015,Serie A,unknown,450-899,5
2015,Serie A,unknown,900-1799,7
2015,Serie A,unknown,<450,8
2015,Serie A,unknown,unknown,63
2016,Bundesliga,Attack,1800+,30
2016,Bundesliga,Attack,450-899,18
2016,Bundesliga,Attack,900-1799,29
2016,Bundesliga,Attack,<450,48
2016,Bundesliga,Attack,unknown,5
2016,Bundesliga,Defender,1800+,55
2016,Bundesliga,Defender,450-899,25
2016,Bundesliga,Defender,900-1799,52
2016,Bundesliga,Defender,<450,31
2016,Bundesliga,Defender,unknown,5
2016,Bundesliga,Goalkeeper,1800+,18
2016,Bundesliga,Goalkeeper,450-899,3
2016,Bundesliga,Goalkeeper,900-1799,1
2016,Bundesliga,Goalkeeper,<450,12
2016,Bundesliga,Goalkeeper,unknown,18
2016,Bundesliga,Midfield,1800+,47
2016,Bundesliga,Midfield,450-899,16
2016,Bundesliga,Midfield,900-1799,33
2016,Bundesliga,Midfield,<450,49
2016,Bundesliga,Midfield,unknown,12
2016,Bundesliga,unknown,1800+,5
2016,Bundesliga,unknown,450-899,1
2016,Bundesliga,unknown,900-1799,8
2016,Bundesliga,unknown,<450,11
2016,Bundesliga,unknown,unknown,24
2016,La Liga,Attack,1800+,42
2016,La Liga,Attack,450-899,25
2016,La Liga,Attack,900-1799,44
2016,La Liga,Attack,<450,36
2016,La Liga,Attack,unknown,8
2016,La Liga,Defender,1800+,69
2016,La Liga,Defender,450-899,23
2016,La Liga,Defender,900-1799,58
2016,La Liga,Defender,<450,31
2016,La Liga,Defender,unknown,12
2016,La Liga,Goalkeeper,1800+,19
2016,La Liga,Goalkeeper,450-899,8
2016,La Liga,Goalkeeper,900-1799,4
2016,La Liga,Goalkeeper,<450,9
2016,La Liga,Goalkeeper,unknown,13
2016,La Liga,Midfield,1800+,58
2016,La Liga,Midfield,450-899,18
2016,La Liga,Midfield,900-1799,39
2016,La Liga,Midfield,<450,37
2016,La Liga,Midfield,unknown,9
2016,La Liga,Missing,1800+,2
2016,La Liga,unknown,1800+,3
2016,La Liga,unknown,450-899,4
2016,La Liga,unknown,900-1799,3
2016,La Liga,unknown,<450,14
2016,La Liga,unknown,unknown,26
2016,Ligue 1,Attack,1800+,32
2016,Ligue 1,Attack,450-899,24
2016,Ligue 1,Attack,900-1799,40
2016,Ligue 1,Attack,<450,57
2016,Ligue 1,Attack,unknown,7
2016,Ligue 1,Defender,1800+,71
2016,Ligue 1,Defender,450-899,24
2016,Ligue 1,Defender,900-1799,52
2016,Ligue 1,Defender,<450,29
2016,Ligue 1,Defender,unknown,17
2016,Ligue 1,Goalkeeper,1800+,15
2016,Ligue 1,Goalkeeper,450-899,8
2016,Ligue 1,Goalkeeper,900-1799,9
2016,Ligue 1,Goalkeeper,<450,13
2016,Ligue 1,Goalkeeper,unknown,12
2016,Ligue 1,Midfield,1800+,57
2016,Ligue 1,Midfield,450-899,27
2016,Ligue 1,Midfield,900-1799,46
2016,Ligue 1,Midfield,<450,51
2016,Ligue 1,Midfield,unknown,9
2016,Ligue 1,Missing,<450,1
2016,Ligue 1,unknown,1800+,9
2016,Ligue 1,unknown,450-899,3
2016,Ligue 1,unknown,900-1799,7
2016,Ligue 1,unknown,<450,13
2016,Ligue 1,unknown,unknown,33
2016,Premier League,Attack,1800+,36
2016,Premier League,Attack,450-899,24
2016,Premier League,Attack,900-1799,39
2016,Premier League,Attack,<450,64
2016,Premier League,Attack,unknown,14
2016,Premier League,Defender,1800+,80
2016,Premier League,Defender,450-899,22
2016,Premier League,Defender,900-1799,33
2016,Premier League,Defender,<450,38
2016,Premier League,Defender,unknown,24
2016,Premier League,Goalkeeper,1800+,19
2016,Premier League,Goalkeeper,450-899,5
2016,Premier League,Goalkeeper,900-1799,9
2016,Premier League,Goalkeeper,<450,15
2016,Premier League,Goalkeeper,unknown,13
2016,Premier League,Midfield,1800+,65
2016,Premier League,Midfield,450-899,16
2016,Premier League,Midfield,900-1799,39
2016,Premier League,Midfield,<450,43
2016,Premier League,Midfield,unknown,19
2016,Premier League,unknown,1800+,2
2016,Premier League,unknown,450-899,2
2016,Premier League,unknown,900-1799,3
2016,Premier League,unknown,<450,8
2016,Premier League,unknown,unknown,28
2016,Serie A,Attack,1800+,29
2016,Serie A,Attack,450-899,26
2016,Serie A,Attack,900-1799,44
2016,Serie A,Attack,<450,37
2016,Serie A,Attack,unknown,12
2016,Serie A,Defender,1800+,74
2016,Serie A,Defender,450-899,33
2016,Serie A,Defender,900-1799,47
2016,Serie A,Defender,<450,44
2016,Serie A,Defender,unknown,35
2016,Serie A,Goalkeeper,1800+,20
2016,Serie A,Goalkeeper,450-899,4
2016,Serie A,Goalkeeper,900-1799,2
2016,Serie A,Goalkeeper,<450,22
2016,Serie A,Goalkeeper,unknown,24
2016,Serie A,Midfield,1800+,64
2016,Serie A,Midfield,450-899,29
2016,Serie A,Midfield,900-1799,44
2016,Serie A,Midfield,<450,47
2016,Serie A,Midfield,unknown,23
2016,Serie A,unknown,1800+,2
2016,Serie A,unknown,450-899,6
2016,Serie A,unknown,900-1799,4
2016,Serie A,unknown,<450,6
2016,Serie A,unknown,unknown,68
2017,Bundesliga,Attack,1800+,28
2017,Bundesliga,Attack,450-899,23
2017,Bundesliga,Attack,900-1799,34
2017,Bundesliga,Attack,<450,43
2017,Bundesliga,Attack,unknown,7
2017,Bundesliga,Defender,1800+,62
2017,Bundesliga,Defender,450-899,22
2017,Bundesliga,Defender,900-1799,49
2017,Bundesliga,Defender,<450,26
2017,Bundesliga,Defender,unknown,14
2017,Bundesliga,Goalkeeper,1800+,17
2017,Bundesliga,Goalkeeper,450-899,5
2017,Bundesliga,Goalkeeper,900-1799,5
2017,Bundesliga,Goalkeeper,<450,6
2017,Bundesliga,Goalkeeper,unknown,18
2017,Bundesliga,Midfield,1800+,50
2017,Bundesliga,Midfield,450-899,18
2017,Bundesliga,Midfield,900-1799,34
2017,Bundesliga,Midfield,<450,36
2017,Bundesliga,Midfield,unknown,6
2017,Bundesliga,unknown,1800+,3
2017,Bundesliga,unknown,450-899,1
2017,Bundesliga,unknown,900-1799,4
2017,Bundesliga,unknown,<450,9
2017,Bundesliga,unknown,unknown,32
2017,La Liga,Attack,1800+,37
2017,La Liga,Attack,450-899,27
2017,La Liga,Attack,900-1799,48
2017,La Liga,Attack,<450,42
2017,La Liga,Attack,unknown,14
2017,La Liga,Defender,1800+,77
2017,La Liga,Defender,450-899,21
2017,La Liga,Defender,900-1799,53
2017,La Liga,Defender,<450,25
2017,La Liga,Defender,unknown,8
2017,La Liga,Goalkeeper,1800+,19
2017,La Liga,Goalkeeper,450-899,2
2017,La Liga,Goalkeeper,900-1799,10
2017,La Liga,Goalkeeper,<450,17
2017,La Liga,Goalkeeper,unknown,16
2017,La Liga,Midfield,1800+,58
2017,La Liga,Midfield,450-899,26
2017,La Liga,Midfield,900-1799,42
2017,La Liga,Midfield,<450,33
2017,La Liga,Midfield,unknown,14
2017,La Liga,Missing,900-1799,1
2017,La Liga,unknown,1800+,1
2017,La Liga,unknown,450-899,3
2017,La Liga,unknown,900-1799,3
2017,La Liga,unknown,<450,11
2017,La Liga,unknown,unknown,15
2017,Ligue 1,Attack,1800+,39
2017,Ligue 1,Attack,450-899,28
2017,Ligue 1,Attack,900-1799,32
2017,Ligue 1,Attack,<450,52
2017,Ligue 1,Attack,unknown,10
2017,Ligue 1,Defender,1800+,71
2017,Ligue 1,Defender,450-899,20
2017,Ligue 1,Defender,900-1799,53
2017,Ligue 1,Defender,<450,39
2017,Ligue 1,Defender,unknown,13
2017,Ligue 1,Goalkeeper,1800+,19
2017,Ligue 1,Goalkeeper,450-899,6
2017,Ligue 1,Goalkeeper,900-1799,4
2017,Ligue 1,Goalkeeper,<450,16
2017,Ligue 1,Goalkeeper,unknown,17
2017,Ligue 1,Midfield,1800+,60
2017,Ligue 1,Midfield,450-899,26
2017,Ligue 1,Midfield,900-1799,46
2017,Ligue 1,Midfield,<450,49
2017,Ligue 1,Midfield,unknown,15
2017,Ligue 1,Missing,<450,1
2017,Ligue 1,Missing,unknown,1
2017,Ligue 1,unknown,1800+,6
2017,Ligue 1,unknown,900-1799,3
2017,Ligue 1,unknown,<450,5
2017,Ligue 1,unknown,unknown,22
2017,Premier League,Attack,1800+,36
2017,Premier League,Attack,450-899,29
2017,Premier League,Attack,900-1799,43
2017,Premier League,Attack,<450,50
2017,Premier League,Attack,unknown,12
2017,Premier League,Defender,1800+,77
2017,Premier League,Defender,450-899,27
2017,Premier League,Defender,900-1799,38
2017,Premier League,Defender,<450,39
2017,Premier League,Defender,unknown,18
2017,Premier League,Goalkeeper,1800+,20
2017,Premier League,Goalkeeper,450-899,5
2017,Premier League,Goalkeeper,900-1799,7
2017,Premier League,Goalkeeper,<450,11
2017,Premier League,Goalkeeper,unknown,21
2017,Premier League,Midfield,1800+,56
2017,Premier League,Midfield,450-899,17
2017,Premier League,Midfield,900-1799,47
2017,Premier League,Midfield,<450,36
2017,Premier League,Midfield,unknown,20
2017,Premier League,unknown,450-899,1
2017,Premier League,unknown,900-1799,1
2017,Premier League,unknown,<450,4
2017,Premier League,unknown,unknown,29
2017,Serie A,Attack,1800+,37
2017,Serie A,Attack,450-899,27
2017,Serie A,Attack,900-1799,26
2017,Serie A,Attack,<450,54
2017,Serie A,Attack,unknown,17
2017,Serie A,Defender,1800+,70
2017,Serie A,Defender,450-899,29
2017,Serie A,Defender,900-1799,46
2017,Serie A,Defender,<450,42
2017,Serie A,Defender,unknown,32
2017,Serie A,Goalkeeper,1800+,20
2017,Serie A,Goalkeeper,450-899,5
2017,Serie A,Goalkeeper,900-1799,5
2017,Serie A,Goalkeeper,<450,17
2017,Serie A,Goalkeeper,unknown,43
2017,Serie A,Midfield,1800+,68
2017,Serie A,Midfield,450-899,28
2017,Serie A,Midfield,900-1799,46
2017,Serie A,Midfield,<450,45
2017,Serie A,Midfield,unknown,18
2017,Serie A,unknown,1800+,2
2017,Serie A,unknown,450-899,3
2017,Serie A,unknown,900-1799,2
2017,Serie A,unknown,<450,10
2017,Serie A,unknown,unknown,90
2018,Bundesliga,Attack,1800+,28
2018,Bundesliga,Attack,450-899,27
2018,Bundesliga,Attack,900-1799,42
2018,Bundesliga,Attack,<450,45
2018,Bundesliga,Attack,unknown,5
2018,Bundesliga,Defender,1800+,65
2018,Bundesliga,Defender,450-899,22
2018,Bundesliga,Defender,900-1799,43
2018,Bundesliga,Defender,<450,40
2018,Bundesliga,Defender,unknown,15
2018,Bundesliga,Goalkeeper,1800+,17
2018,Bundesliga,Goalkeeper,450-899,1
2018,Bundesliga,Goalkeeper,900-1799,3
2018,Bundesliga,Goalkeeper,<450,11
2018,Bundesliga,Goalkeeper,unknown,26
2018,Bundesliga,Midfield,1800+,40
2018,Bundesliga,Midfield,450-899,13
2018,Bundesliga,Midfield,900-1799,52
2018,Bundesliga,Midfield,<450,34
2018,Bundesliga,Midfield,unknown,20
2018,Bundesliga,unknown,1800+,1
2018,La Liga,Attack,1800+,41
2018,La Liga,Attack,450-899,30
2018,La Liga,Attack,900-1799,42
2018,La Liga,Attack,<450,54
2018,La Liga,Attack,unknown,18
2018,La Liga,Defender,1800+,71
2018,La Liga,Defender,450-899,24
2018,La Liga,Defender,900-1799,60
2018,La Liga,Defender,<450,36
2018,La Liga,Defender,unknown,14
2018,La Liga,Goalkeeper,1800+,20
2018,La Liga,Goalkeeper,450-899,7
2018,La Liga,Goalkeeper,900-1799,6
2018,La Liga,Goalkeeper,<450,17
2018,La Liga,Goalkeeper,unknown,21
2018,La Liga,Midfield,1800+,57
2018,La Liga,Midfield,450-899,20
2018,La Liga,Midfield,900-1799,45
2018,La Liga,Midfield,<450,42
2018,La Liga,Midfield,unknown,11
2018,La Liga,Missing,900-1799,1
2018,La Liga,Missing,unknown,1
2018,La Liga,unknown,<450,1
2018,La Liga,unknown,unknown,3
2018,Ligue 1,Attack,1800+,45
2018,Ligue 1,Attack,450-899,22
2018,Ligue 1,Attack,900-1799,32
2018,Ligue 1,Attack,<450,51
2018,Ligue 1,Attack,unknown,11
2018,Ligue 1,Defender,1800+,78
2018,Ligue 1,Defender,450-899,16
2018,Ligue 1,Defender,900-1799,49
2018,Ligue 1,Defender,<450,39
2018,Ligue 1,Defender,unknown,29
2018,Ligue 1,Goalkeeper,1800+,18
2018,Ligue 1,Goalkeeper,450-899,3
2018,Ligue 1,Goalkeeper,900-1799,6
2018,Ligue 1,Goalkeeper,<450,14
2018,Ligue 1,Goalkeeper,unknown,26
2018,Ligue 1,Midfield,1800+,53
2018,Ligue 1,Midfield,450-899,29
2018,Ligue 1,Midfield,900-1799,48
2018,Ligue 1,Midfield,<450,48
2018,Ligue 1,Midfield,unknown,22
2018,Ligue 1,unknown,<450,2
2018,Premier League,Attack,1800+,49
2018,Premier League,Attack,450-899,19
2018,Premier League,Attack,900-1799,35
2018,Premier League,Attack,<450,56
2018,Premier League,Attack,unknown,16
2018,Premier League,Defender,1800+,83
2018,Premier League,Defender,450-899,19
2018,Premier League,Defender,900-1799,41
2018,Premier League,Defender,<450,37
2018,Premier League,Defender,unknown,26
2018,Premier League,Goalkeeper,1800+,18
2018,Premier League,Goalkeeper,900-1799,10
2018,Premier League,Goalkeeper,<450,11
2018,Premier League,Goalkeeper,unknown,26
2018,Premier League,Midfield,1800+,58
2018,Premier League,Midfield,450-899,20
2018,Premier League,Midfield,900-1799,40
2018,Premier League,Midfield,<450,34
2018,Premier League,Midfield,unknown,20
2018,Serie A,Attack,1800+,32
2018,Serie A,Attack,450-899,21
2018,Serie A,Attack,900-1799,39
2018,Serie A,Attack,<450,49
2018,Serie A,Attack,unknown,32
2018,Serie A,Defender,1800+,70
2018,Serie A,Defender,450-899,28
2018,Serie A,Defender,900-1799,57
2018,Serie A,Defender,<450,43
2018,Serie A,Defender,unknown,48
2018,Serie A,Goalkeeper,1800+,19
2018,Serie A,Goalkeeper,450-899,4
2018,Serie A,Goalkeeper,900-1799,5
2018,Serie A,Goalkeeper,<450,14
2018,Serie A,Goalkeeper,unknown,43
2018,Serie A,Midfield,1800+,67
2018,Serie A,Midfield,450-899,24
2018,Serie A,Midfield,900-1799,39
2018,Serie A,Midfield,<450,39
2018,Serie A,Midfield,unknown,40
2018,Serie A,unknown,1800+,1
2018,Serie A,unknown,<450,1
2018,Serie A,unknown,unknown,2
2019,Bundesliga,Attack,1800+,28
2019,Bundesliga,Attack,450-899,24
2019,Bundesliga,Attack,900-1799,43
2019,Bundesliga,Attack,<450,40
2019,Bundesliga,Attack,unknown,9
2019,Bundesliga,Defender,1800+,57
2019,Bundesliga,Defender,450-899,29
2019,Bundesliga,Defender,900-1799,46
2019,Bundesliga,Defender,<450,33
2019,Bundesliga,Defender,unknown,18
2019,Bundesliga,Goalkeeper,1800+,16
2019,Bundesliga,Goalkeeper,450-899,2
2019,Bundesliga,Goalkeeper,900-1799,6
2019,Bundesliga,Goalkeeper,<450,12
2019,Bundesliga,Goalkeeper,unknown,23
2019,Bundesliga,Midfield,1800+,46
2019,Bundesliga,Midfield,450-899,18
2019,Bundesliga,Midfield,900-1799,45
2019,Bundesliga,Midfield,<450,29
2019,Bundesliga,Midfield,unknown,10
2019,La Liga,Attack,1800+,43
2019,La Liga,Attack,450-899,32
2019,La Liga,Attack,900-1799,37
2019,La Liga,Attack,<450,54
2019,La Liga,Attack,unknown,12
2019,La Liga,Defender,1800+,76
2019,La Liga,Defender,450-899,30
2019,La Liga,Defender,900-1799,49
2019,La Liga,Defender,<450,33
2019,La Liga,Defender,unknown,19
2019,La Liga,Goalkeeper,1800+,20
2019,La Liga,Goalkeeper,450-899,5
2019,La Liga,Goalkeeper,900-1799,7
2019,La Liga,Goalkeeper,<450,11
2019,La Liga,Goalkeeper,unknown,21
2019,La Liga,Midfield,1800+,56
2019,La Liga,Midfield,450-899,18
2019,La Liga,Midfield,900-1799,35
2019,La Liga,Midfield,<450,37
2019,La Liga,Midfield,unknown,16
2019,La Liga,Missing,900-1799,1
2019,La Liga,unknown,1800+,1
2019,La Liga,unknown,900-1799,1
2019,La Liga,unknown,unknown,1
2019,Ligue 1,Attack,1800+,40
2019,Ligue 1,Attack,450-899,29
2019,Ligue 1,Attack,900-1799,42
2019,Ligue 1,Attack,<450,48
2019,Ligue 1,Attack,unknown,18
2019,Ligue 1,Defender,1800+,83
2019,Ligue 1,Defender,450-899,25
2019,Ligue 1,Defender,900-1799,41
2019,Ligue 1,Defender,<450,46
2019,Ligue 1,Defender,unknown,30
2019,Ligue 1,Goalkeeper,1800+,20
2019,Ligue 1,Goalkeeper,450-899,3
2019,Ligue 1,Goalkeeper,900-1799,5
2019,Ligue 1,Goalkeeper,<450,9
2019,Ligue 1,Goalkeeper,unknown,25
2019,Ligue 1,Midfield,1800+,57
2019,Ligue 1,Midfield,450-899,16
2019,Ligue 1,Midfield,900-1799,41
2019,Ligue 1,Midfield,<450,54
2019,Ligue 1,Midfield,unknown,21
2019,Ligue 1,unknown,450-899,1
2019,Ligue 1,unknown,<450,1
2019,Premier League,Attack,1800+,47
2019,Premier League,Attack,450-899,25
2019,Premier League,Attack,900-1799,38
2019,Premier League,Attack,<450,36
2019,Premier League,Attack,unknown,10
2019,Premier League,Defender,1800+,81
2019,Premier League,Defender,450-899,21
2019,Premier League,Defender,900-1799,42
2019,Premier League,Defender,<450,30
2019,Premier League,Defender,unknown,22
2019,Premier League,Goalkeeper,1800+,19
2019,Premier League,Goalkeeper,450-899,3
2019,Premier League,Goalkeeper,900-1799,6
2019,Premier League,Goalkeeper,<450,11
2019,Premier League,Goalkeeper,unknown,19
2019,Premier League,Midfield,1800+,58
2019,Premier League,Midfield,450-899,20
2019,Premier League,Midfield,900-1799,33
2019,Premier League,Midfield,<450,37
2019,Premier League,Midfield,unknown,16
2019,Premier League,unknown,900-1799,1
2019,Premier League,unknown,<450,1
2019,Serie A,Attack,1800+,38
2019,Serie A,Attack,450-899,25
2019,Serie A,Attack,900-1799,36
2019,Serie A,Attack,<450,45
2019,Serie A,Attack,unknown,22
2019,Serie A,Defender,1800+,77
2019,Serie A,Defender,450-899,26
2019,Serie A,Defender,900-1799,50
2019,Serie A,Defender,<450,39
2019,Serie A,Defender,unknown,38
2019,Serie A,Goalkeeper,1800+,16
2019,Serie A,Goalkeeper,450-899,5
2019,Serie A,Goalkeeper,900-1799,9
2019,Serie A,Goalkeeper,<450,17
2019,Serie A,Goalkeeper,unknown,44
2019,Serie A,Midfield,1800+,62
2019,Serie A,Midfield,450-899,27
2019,Serie A,Midfield,900-1799,44
2019,Serie A,Midfield,<450,52
2019,Serie A,Midfield,unknown,42
2019,Serie A,unknown,900-1799,1
2019,Serie A,unknown,unknown,3
2020,Bundesliga,Attack,1800+,27
2020,Bundesliga,Attack,450-899,21
2020,Bundesliga,Attack,900-1799,44
2020,Bundesliga,Attack,<450,58
2020,Bundesliga,Attack,unknown,14
2020,Bundesliga,Defender,1800+,57
2020,Bundesliga,Defender,450-899,22
2020,Bundesliga,Defender,900-1799,55
2020,Bundesliga,Defender,<450,31
2020,Bundesliga,Defender,unknown,23
2020,Bundesliga,Goalkeeper,1800+,17
2020,Bundesliga,Goalkeeper,450-899,3
2020,Bundesliga,Goalkeeper,900-1799,5
2020,Bundesliga,Goalkeeper,<450,10
2020,Bundesliga,Goalkeeper,unknown,26
2020,Bundesliga,Midfield,1800+,41
2020,Bundesliga,Midfield,450-899,32
2020,Bundesliga,Midfield,900-1799,35
2020,Bundesliga,Midfield,<450,39
2020,Bundesliga,Midfield,unknown,33
2020,Bundesliga,unknown,900-1799,1
2020,La Liga,Attack,1800+,50
2020,La Liga,Attack,450-899,28
2020,La Liga,Attack,900-1799,37
2020,La Liga,Attack,<450,66
2020,La Liga,Attack,unknown,13
2020,La Liga,Defender,1800+,80
2020,La Liga,Defender,450-899,29
2020,La Liga,Defender,900-1799,43
2020,La Liga,Defender,<450,36
2020,La Liga,Defender,unknown,35
2020,La Liga,Goalkeeper,1800+,19
2020,La Liga,Goalkeeper,450-899,3
2020,La Liga,Goalkeeper,900-1799,5
2020,La Liga,Goalkeeper,<450,17
2020,La Liga,Goalkeeper,unknown,30
2020,La Liga,Midfield,1800+,54
2020,La Liga,Midfield,450-899,16
2020,La Liga,Midfield,900-1799,40
2020,La Liga,Midfield,<450,44
2020,La Liga,Midfield,unknown,19
2020,La Liga,unknown,1800+,1
2020,La Liga,unknown,450-899,1
2020,La Liga,unknown,900-1799,2
2020,La Liga,unknown,unknown,2
2020,Ligue 1,Attack,1800+,23
2020,Ligue 1,Attack,450-899,30
2020,Ligue 1,Attack,900-1799,44
2020,Ligue 1,Attack,<450,57
2020,Ligue 1,Attack,unknown,15
2020,Ligue 1,Defender,1800+,44
2020,Ligue 1,Defender,450-899,35
2020,Ligue 1,Defender,900-1799,63
2020,Ligue 1,Defender,<450,37
2020,Ligue 1,Defender,unknown,24
2020,Ligue 1,Goalkeeper,1800+,19
2020,Ligue 1,Goalkeeper,450-899,1
2020,Ligue 1,Goalkeeper,900-1799,2
2020,Ligue 1,Goalkeeper,<450,18
2020,Ligue 1,Goalkeeper,unknown,25
2020,Ligue 1,Midfield,1800+,28
2020,Ligue 1,Midfield,450-899,29
2020,Ligue 1,Midfield,900-1799,56
2020,Ligue 1,Midfield,<450,57
2020,Ligue 1,Midfield,unknown,18
2020,Ligue 1,unknown,unknown,1
2020,Premier League,Attack,1800+,50
2020,Premier League,Attack,450-899,25
2020,Premier League,Attack,900-1799,31
2020,Premier League,Attack,<450,39
2020,Premier League,Attack,unknown,15
2020,Premier League,Defender,1800+,71
2020,Premier League,Defender,450-899,19
2020,Premier League,Defender,900-1799,55
2020,Premier League,Defender,<450,40
2020,Premier League,Defender,unknown,31
2020,Premier League,Goalkeeper,1800+,20
2020,Premier League,Goalkeeper,450-899,5
2020,Premier League,Goalkeeper,900-1799,4
2020,Premier League,Goalkeeper,<450,9
2020,Premier League,Goalkeeper,unknown,30
2020,Premier League,Midfield,1800+,57
2020,Premier League,Midfield,450-899,20
2020,Premier League,Midfield,900-1799,41
2020,Premier League,Midfield,<450,35
2020,Premier League,Midfield,unknown,23
2020,Premier League,unknown,450-899,1
2020,Premier League,unknown,<450,1
2020,Premier League,unknown,unknown,1
2020,Serie A,Attack,1800+,34
2020,Serie A,Attack,450-899,27
2020,Serie A,Attack,900-1799,34
2020,Serie A,Attack,<450,51
2020,Serie A,Attack,unknown,29
2020,Serie A,Defender,1800+,74
2020,Serie A,Defender,450-899,30
2020,Serie A,Defender,900-1799,53
2020,Serie A,Defender,<450,56
2020,Serie A,Defender,unknown,42
2020,Serie A,Goalkeeper,1800+,19
2020,Serie A,Goalkeeper,450-899,7
2020,Serie A,Goalkeeper,900-1799,5
2020,Serie A,Goalkeeper,<450,17
2020,Serie A,Goalkeeper,unknown,40
2020,Serie A,Midfield,1800+,58
2020,Serie A,Midfield,450-899,27
2020,Serie A,Midfield,900-1799,56
2020,Serie A,Midfield,<450,51
2020,Serie A,Midfield,unknown,31
2020,Serie A,unknown,900-1799,1
2020,Serie A,unknown,unknown,1
2021,Bundesliga,Attack,1800+,29
2021,Bundesliga,Attack,450-899,31
2021,Bundesliga,Attack,900-1799,37
2021,Bundesliga,Attack,<450,52
2021,Bundesliga,Attack,unknown,10
2021,Bundesliga,Defender,1800+,51
2021,Bundesliga,Defender,450-899,20
2021,Bundesliga,Defender,900-1799,66
2021,Bundesliga,Defender,<450,34
2021,Bundesliga,Defender,unknown,21
2021,Bundesliga,Goalkeeper,1800+,17
2021,Bundesliga,Goalkeeper,450-899,1
2021,Bundesliga,Goalkeeper,900-1799,2
2021,Bundesliga,Goalkeeper,<450,14
2021,Bundesliga,Goalkeeper,unknown,28
2021,Bundesliga,Midfield,1800+,45
2021,Bundesliga,Midfield,450-899,22
2021,Bundesliga,Midfield,900-1799,38
2021,Bundesliga,Midfield,<450,44
2021,Bundesliga,Midfield,unknown,15
2021,Bundesliga,unknown,<450,2
2021,La Liga,Attack,1800+,47
2021,La Liga,Attack,450-899,27
2021,La Liga,Attack,900-1799,51
2021,La Liga,Attack,<450,59
2021,La Liga,Attack,unknown,28
2021,La Liga,Defender,1800+,74
2021,La Liga,Defender,450-899,30
2021,La Liga,Defender,900-1799,52
2021,La Liga,Defender,<450,42
2021,La Liga,Defender,unknown,40
2021,La Liga,Goalkeeper,1800+,19
2021,La Liga,Goalkeeper,450-899,5
2021,La Liga,Goalkeeper,900-1799,7
2021,La Liga,Goalkeeper,<450,10
2021,La Liga,Goalkeeper,unknown,42
2021,La Liga,Midfield,1800+,51
2021,La Liga,Midfield,450-899,25
2021,La Liga,Midfield,900-1799,38
2021,La Liga,Midfield,<450,43
2021,La Liga,Midfield,unknown,25
2021,La Liga,Missing,450-899,1
2021,La Liga,unknown,1800+,1
2021,La Liga,unknown,<450,1
2021,La Liga,unknown,unknown,2
2021,Ligue 1,Attack,1800+,38
2021,Ligue 1,Attack,450-899,29
2021,Ligue 1,Attack,900-1799,39
2021,Ligue 1,Attack,<450,64
2021,Ligue 1,Attack,unknown,18
2021,Ligue 1,Defender,1800+,76
2021,Ligue 1,Defender,450-899,16
2021,Ligue 1,Defender,900-1799,56
2021,Ligue 1,Defender,<450,42
2021,Ligue 1,Defender,unknown,41
2021,Ligue 1,Goalkeeper,1800+,20
2021,Ligue 1,Goalkeeper,450-899,7
2021,Ligue 1,Goalkeeper,900-1799,3
2021,Ligue 1,Goalkeeper,<450,9
2021,Ligue 1,Goalkeeper,unknown,35
2021,Ligue 1,Midfield,1800+,57
2021,Ligue 1,Midfield,450-899,19
2021,Ligue 1,Midfield,900-1799,47
2021,Ligue 1,Midfield,<450,61
2021,Ligue 1,Midfield,unknown,23
2021,Ligue 1,unknown,900-1799,1
2021,Ligue 1,unknown,<450,1
2021,Premier League,Attack,1800+,44
2021,Premier League,Attack,450-899,16
2021,Premier League,Attack,900-1799,48
2021,Premier League,Attack,<450,45
2021,Premier League,Attack,unknown,15
2021,Premier League,Defender,1800+,80
2021,Premier League,Defender,450-899,32
2021,Premier League,Defender,900-1799,38
2021,Premier League,Defender,<450,38
2021,Premier League,Defender,unknown,37
2021,Premier League,Goalkeeper,1800+,20
2021,Premier League,Goalkeeper,450-899,3
2021,Premier League,Goalkeeper,900-1799,3
2021,Premier League,Goalkeeper,<450,16
2021,Premier League,Goalkeeper,unknown,29
2021,Premier League,Midfield,1800+,57
2021,Premier League,Midfield,450-899,19
2021,Premier League,Midfield,900-1799,37
2021,Premier League,Midfield,<450,34
2021,Premier League,Midfield,unknown,40
2021,Premier League,unknown,<450,2
2021,Premier League,unknown,unknown,1
2021,Serie A,Attack,1800+,30
2021,Serie A,Attack,450-899,25
2021,Serie A,Attack,900-1799,45
2021,Serie A,Attack,<450,56
2021,Serie A,Attack,unknown,34
2021,Serie A,Defender,1800+,68
2021,Serie A,Defender,450-899,20
2021,Serie A,Defender,900-1799,64
2021,Serie A,Defender,<450,61
2021,Serie A,Defender,unknown,56
2021,Serie A,Goalkeeper,1800+,20
2021,Serie A,Goalkeeper,450-899,6
2021,Serie A,Goalkeeper,900-1799,3
2021,Serie A,Goalkeeper,<450,22
2021,Serie A,Goalkeeper,unknown,44
2021,Serie A,Midfield,1800+,67
2021,Serie A,Midfield,450-899,25
2021,Serie A,Midfield,900-1799,43
2021,Serie A,Midfield,<450,63
2021,Serie A,Midfield,unknown,50
2021,Serie A,unknown,1800+,1
2022,Bundesliga,Attack,1800+,31
2022,Bundesliga,Attack,450-899,23
2022,Bundesliga,Attack,900-1799,38
2022,Bundesliga,Attack,<450,57
2022,Bundesliga,Attack,unknown,13
2022,Bundesliga,Defender,1800+,62
2022,Bundesliga,Defender,450-899,30
2022,Bundesliga,Defender,900-1799,46
2022,Bundesliga,Defender,<450,44
2022,Bundesliga,Defender,unknown,12
2022,Bundesliga,Goalkeeper,1800+,17
2022,Bundesliga,Goalkeeper,450-899,4
2022,Bundesliga,Goalkeeper,900-1799,3
2022,Bundesliga,Goalkeeper,<450,16
2022,Bundesliga,Goalkeeper,unknown,16
2022,Bundesliga,Midfield,1800+,44
2022,Bundesliga,Midfield,450-899,17
2022,Bundesliga,Midfield,900-1799,36
2022,Bundesliga,Midfield,<450,53
2022,Bundesliga,Midfield,unknown,20
2022,Bundesliga,unknown,<450,2
2022,Bundesliga,unknown,unknown,18
2022,La Liga,Attack,1800+,40
2022,La Liga,Attack,450-899,35
2022,La Liga,Attack,900-1799,50
2022,La Liga,Attack,<450,71
2022,La Liga,Attack,unknown,23
2022,La Liga,Defender,1800+,72
2022,La Liga,Defender,450-899,23
2022,La Liga,Defender,900-1799,56
2022,La Liga,Defender,<450,55
2022,La Liga,Defender,unknown,25
2022,La Liga,Goalkeeper,1800+,19
2022,La Liga,Goalkeeper,450-899,3
2022,La Liga,Goalkeeper,900-1799,6
2022,La Liga,Goalkeeper,<450,15
2022,La Liga,Goalkeeper,unknown,33
2022,La Liga,Midfield,1800+,47
2022,La Liga,Midfield,450-899,21
2022,La Liga,Midfield,900-1799,54
2022,La Liga,Midfield,<450,43
2022,La Liga,Midfield,unknown,21
2022,La Liga,unknown,1800+,1
2022,La Liga,unknown,<450,7
2022,La Liga,unknown,unknown,48
2022,Ligue 1,Attack,1800+,36
2022,Ligue 1,Attack,450-899,27
2022,Ligue 1,Attack,900-1799,35
2022,Ligue 1,Attack,<450,82
2022,Ligue 1,Attack,unknown,16
2022,Ligue 1,Defender,1800+,79
2022,Ligue 1,Defender,450-899,26
2022,Ligue 1,Defender,900-1799,51
2022,Ligue 1,Defender,<450,40
2022,Ligue 1,Defender,unknown,29
2022,Ligue 1,Goalkeeper,1800+,18
2022,Ligue 1,Goalkeeper,450-899,4
2022,Ligue 1,Goalkeeper,900-1799,13
2022,Ligue 1,Goalkeeper,<450,6
2022,Ligue 1,Goalkeeper,unknown,26
2022,Ligue 1,Midfield,1800+,62
2022,Ligue 1,Midfield,450-899,21
2022,Ligue 1,Midfield,900-1799,44
2022,Ligue 1,Midfield,<450,52
2022,Ligue 1,Midfield,unknown,28
2022,Ligue 1,unknown,900-1799,1
2022,Ligue 1,unknown,<450,6
2022,Ligue 1,unknown,unknown,31
2022,Premier League,Attack,1800+,49
2022,Premier League,Attack,450-899,16
2022,Premier League,Attack,900-1799,44
2022,Premier League,Attack,<450,51
2022,Premier League,Attack,unknown,19
2022,Premier League,Defender,1800+,75
2022,Premier League,Defender,450-899,21
2022,Premier League,Defender,900-1799,56
2022,Premier League,Defender,<450,36
2022,Premier League,Defender,unknown,37
2022,Premier League,Goalkeeper,1800+,19
2022,Premier League,Goalkeeper,450-899,3
2022,Premier League,Goalkeeper,900-1799,4
2022,Premier League,Goalkeeper,<450,16
2022,Premier League,Goalkeeper,unknown,30
2022,Premier League,Midfield,1800+,52
2022,Premier League,Midfield,450-899,19
2022,Premier League,Midfield,900-1799,43
2022,Premier League,Midfield,<450,38
2022,Premier League,Midfield,unknown,31
2022,Premier League,unknown,900-1799,1
2022,Premier League,unknown,<450,3
2022,Premier League,unknown,unknown,30
2022,Serie A,Attack,1800+,37
2022,Serie A,Attack,450-899,24
2022,Serie A,Attack,900-1799,34
2022,Serie A,Attack,<450,70
2022,Serie A,Attack,unknown,25
2022,Serie A,Defender,1800+,66
2022,Serie A,Defender,450-899,32
2022,Serie A,Defender,900-1799,63
2022,Serie A,Defender,<450,54
2022,Serie A,Defender,unknown,22
2022,Serie A,Goalkeeper,1800+,19
2022,Serie A,Goalkeeper,450-899,7
2022,Serie A,Goalkeeper,900-1799,5
2022,Serie A,Goalkeeper,<450,18
2022,Serie A,Goalkeeper,unknown,37
2022,Serie A,Midfield,1800+,61
2022,Serie A,Midfield,450-899,37
2022,Serie A,Midfield,900-1799,48
2022,Serie A,Midfield,<450,52
2022,Serie A,Midfield,unknown,33
2022,Serie A,unknown,900-1799,1
2022,Serie A,unknown,<450,4
2022,Serie A,unknown,unknown,61
2023,Bundesliga,Attack,1800+,25
2023,Bundesliga,Attack,450-899,18
2023,Bundesliga,Attack,900-1799,40
2023,Bundesliga,Attack,<450,63
2023,Bundesliga,Attack,unknown,11
2023,Bundesliga,Defender,1800+,68
2023,Bundesliga,Defender,450-899,25
2023,Bundesliga,Defender,900-1799,43
2023,Bundesliga,Defender,<450,45
2023,Bundesliga,Defender,unknown,9
2023,Bundesliga,Goalkeeper,1800+,14
2023,Bundesliga,Goalkeeper,450-899,5
2023,Bundesliga,Goalkeeper,900-1799,8
2023,Bundesliga,Goalkeeper,<450,6
2023,Bundesliga,Goalkeeper,unknown,19
2023,Bundesliga,Midfield,1800+,43
2023,Bundesliga,Midfield,450-899,32
2023,Bundesliga,Midfield,900-1799,36
2023,Bundesliga,Midfield,<450,36
2023,Bundesliga,Midfield,unknown,10
2023,Bundesliga,unknown,450-899,1
2023,Bundesliga,unknown,900-1799,2
2023,Bundesliga,unknown,<450,5
2023,Bundesliga,unknown,unknown,35
2023,La Liga,Attack,1800+,42
2023,La Liga,Attack,450-899,26
2023,La Liga,Attack,900-1799,52
2023,La Liga,Attack,<450,70
2023,La Liga,Attack,unknown,14
2023,La Liga,Defender,1800+,64
2023,La Liga,Defender,450-899,21
2023,La Liga,Defender,900-1799,67
2023,La Liga,Defender,<450,44
2023,La Liga,Defender,unknown,10
2023,La Liga,Goalkeeper,1800+,18
2023,La Liga,Goalkeeper,450-899,3
2023,La Liga,Goalkeeper,900-1799,11
2023,La Liga,Goalkeeper,<450,11
2023,La Liga,Goalkeeper,unknown,21
2023,La Liga,Midfield,1800+,55
2023,La Liga,Midfield,450-899,19
2023,La Liga,Midfield,900-1799,43
2023,La Liga,Midfield,<450,40
2023,La Liga,Midfield,unknown,23
2023,La Liga,unknown,1800+,1
2023,La Liga,unknown,900-1799,2
2023,La Liga,unknown,<450,8
2023,La Liga,unknown,unknown,65
2023,Ligue 1,Attack,1800+,39
2023,Ligue 1,Attack,450-899,22
2023,Ligue 1,Attack,900-1799,43
2023,Ligue 1,Attack,<450,70
2023,Ligue 1,Attack,unknown,9
2023,Ligue 1,Defender,1800+,68
2023,Ligue 1,Defender,450-899,37
2023,Ligue 1,Defender,900-1799,54
2023,Ligue 1,Defender,<450,49
2023,Ligue 1,Defender,unknown,15
2023,Ligue 1,Goalkeeper,1800+,18
2023,Ligue 1,Goalkeeper,450-899,6
2023,Ligue 1,Goalkeeper,900-1799,6
2023,Ligue 1,Goalkeeper,<450,11
2023,Ligue 1,Goalkeeper,unknown,23
2023,Ligue 1,Midfield,1800+,57
2023,Ligue 1,Midfield,450-899,18
2023,Ligue 1,Midfield,900-1799,43
2023,Ligue 1,Midfield,<450,53
2023,Ligue 1,Midfield,unknown,8
2023,Ligue 1,unknown,1800+,1
2023,Ligue 1,unknown,450-899,1
2023,Ligue 1,unknown,900-1799,2
2023,Ligue 1,unknown,<450,9
2023,Ligue 1,unknown,unknown,55
2023,Premier League,Attack,1800+,44
2023,Premier League,Attack,450-899,25
2023,Premier League,Attack,900-1799,42
2023,Premier League,Attack,<450,46
2023,Premier League,Attack,unknown,17
2023,Premier League,Defender,1800+,76
2023,Premier League,Defender,450-899,25
2023,Premier League,Defender,900-1799,54
2023,Premier League,Defender,<450,35
2023,Premier League,Defender,unknown,25
2023,Premier League,Goalkeeper,1800+,19
2023,Premier League,Goalkeeper,450-899,3
2023,Premier League,Goalkeeper,900-1799,6
2023,Premier League,Goalkeeper,<450,11
2023,Premier League,Goalkeeper,unknown,31
2023,Premier League,Midfield,1800+,54
2023,Premier League,Midfield,450-899,29
2023,Premier League,Midfield,900-1799,35
2023,Premier League,Midfield,<450,58
2023,Premier League,Midfield,unknown,21
2023,Premier League,unknown,1800+,1
2023,Premier League,unknown,900-1799,1
2023,Premier League,unknown,<450,7
2023,Premier League,unknown,unknown,60
2023,Serie A,Attack,1800+,33
2023,Serie A,Attack,450-899,27
2023,Serie A,Attack,900-1799,42
2023,Serie A,Attack,<450,40
2023,Serie A,Attack,unknown,11
2023,Serie A,Defender,1800+,74
2023,Serie A,Defender,450-899,30
2023,Serie A,Defender,900-1799,51
2023,Serie A,Defender,<450,52
2023,Serie A,Defender,unknown,23
2023,Serie A,Goalkeeper,1800+,20
2023,Serie A,Goalkeeper,450-899,4
2023,Serie A,Goalkeeper,900-1799,5
2023,Serie A,Goalkeeper,<450,20
2023,Serie A,Goalkeeper,unknown,24
2023,Serie A,Midfield,1800+,60
2023,Serie A,Midfield,450-899,40
2023,Serie A,Midfield,900-1799,49
2023,Serie A,Midfield,<450,52
2023,Serie A,Midfield,unknown,19
2023,Serie A,unknown,1800+,1
2023,Serie A,unknown,<450,5
2023,Serie A,unknown,unknown,81
2024,Bundesliga,Attack,1800+,28
2024,Bundesliga,Attack,450-899,22
2024,Bundesliga,Attack,900-1799,39
2024,Bundesliga,Attack,<450,59
2024,Bundesliga,Attack,unknown,3
2024,Bundesliga,Defender,1800+,61
2024,Bundesliga,Defender,450-899,21
2024,Bundesliga,Defender,900-1799,57
2024,Bundesliga,Defender,<450,31
2024,Bundesliga,Defender,unknown,15
2024,Bundesliga,Goalkeeper,1800+,17
2024,Bundesliga,Goalkeeper,450-899,4
2024,Bundesliga,Goalkeeper,900-1799,2
2024,Bundesliga,Goalkeeper,<450,9
2024,Bundesliga,Goalkeeper,unknown,17
2024,Bundesliga,Midfield,1800+,41
2024,Bundesliga,Midfield,450-899,7
2024,Bundesliga,Midfield,900-1799,50
2024,Bundesliga,Midfield,<450,48
2024,Bundesliga,Midfield,unknown,1
2024,Bundesliga,unknown,450-899,1
2024,Bundesliga,unknown,900-1799,1
2024,Bundesliga,unknown,<450,9
2024,Bundesliga,unknown,unknown,40
2024,La Liga,Attack,1800+,45
2024,La Liga,Attack,450-899,28
2024,La Liga,Attack,900-1799,43
2024,La Liga,Attack,<450,70
2024,La Liga,Attack,unknown,13
2024,La Liga,Defender,1800+,71
2024,La Liga,Defender,450-899,28
2024,La Liga,Defender,900-1799,58
2024,La Liga,Defender,<450,45
2024,La Liga,Defender,unknown,14
2024,La Liga,Goalkeeper,1800+,19
2024,La Liga,Goalkeeper,450-899,2
2024,La Liga,Goalkeeper,900-1799,6
2024,La Liga,Goalkeeper,<450,18
2024,La Liga,Goalkeeper,unknown,15
2024,La Liga,Midfield,1800+,50
2024,La Liga,Midfield,450-899,23
2024,La Liga,Midfield,900-1799,45
2024,La Liga,Midfield,<450,41
2024,La Liga,Midfield,unknown,12
2024,La Liga,unknown,1800+,1
2024,La Liga,unknown,900-1799,2
2024,La Liga,unknown,<450,16
2024,La Liga,unknown,unknown,78
2024,Ligue 1,Attack,1800+,26
2024,Ligue 1,Attack,450-899,26
2024,Ligue 1,Attack,900-1799,38
2024,Ligue 1,Attack,<450,65
2024,Ligue 1,Attack,unknown,6
2024,Ligue 1,Defender,1800+,59
2024,Ligue 1,Defender,450-899,24
2024,Ligue 1,Defender,900-1799,54
2024,Ligue 1,Defender,<450,45
2024,Ligue 1,Defender,unknown,20
2024,Ligue 1,Goalkeeper,1800+,17
2024,Ligue 1,Goalkeeper,450-899,2
2024,Ligue 1,Goalkeeper,900-1799,3
2024,Ligue 1,Goalkeeper,<450,12
2024,Ligue 1,Goalkeeper,unknown,15
2024,Ligue 1,Midfield,1800+,38
2024,Ligue 1,Midfield,450-899,18
2024,Ligue 1,Midfield,900-1799,51
2024,Ligue 1,Midfield,<450,50
2024,Ligue 1,Midfield,unknown,11
2024,Ligue 1,unknown,1800+,2
2024,Ligue 1,unknown,450-899,1
2024,Ligue 1,unknown,900-1799,3
2024,Ligue 1,unknown,<450,7
2024,Ligue 1,unknown,unknown,64
2024,Premier League,Attack,1800+,47
2024,Premier League,Attack,450-899,14
2024,Premier League,Attack,900-1799,36
2024,Premier League,Attack,<450,62
2024,Premier League,Attack,unknown,5
2024,Premier League,Defender,1800+,66
2024,Premier League,Defender,450-899,28
2024,Premier League,Defender,900-1799,61
2024,Premier League,Defender,<450,37
2024,Premier League,Defender,unknown,17
2024,Premier League,Goalkeeper,1800+,19
2024,Premier League,Goalkeeper,450-899,5
2024,Premier League,Goalkeeper,900-1799,9
2024,Premier League,Goalkeeper,<450,8
2024,Premier League,Goalkeeper,unknown,27
2024,Premier League,Midfield,1800+,59
2024,Premier League,Midfield,450-899,18
2024,Premier League,Midfield,900-1799,43
2024,Premier League,Midfield,<450,58
2024,Premier League,Midfield,unknown,18
2024,Premier League,unknown,900-1799,1
2024,Premier League,unknown,<450,11
2024,Premier League,unknown,unknown,99
2024,Serie A,Attack,1800+,32
2024,Serie A,Attack,450-899,27
2024,Serie A,Attack,900-1799,36
2024,Serie A,Attack,<450,59
2024,Serie A,Attack,unknown,15
2024,Serie A,Defender,1800+,68
2024,Serie A,Defender,450-899,28
2024,Serie A,Defender,900-1799,65
2024,Serie A,Defender,<450,44
2024,Serie A,Defender,unknown,17
2024,Serie A,Goalkeeper,1800+,20
2024,Serie A,Goalkeeper,450-899,7
2024,Serie A,Goalkeeper,900-1799,5
2024,Serie A,Goalkeeper,<450,17
2024,Serie A,Goalkeeper,unknown,16
2024,Serie A,Midfield,1800+,68
2024,Serie A,Midfield,450-899,26
2024,Serie A,Midfield,900-1799,43
2024,Serie A,Midfield,<450,61
2024,Serie A,Midfield,unknown,16
2024,Serie A,unknown,900-1799,1
2024,Serie A,unknown,<450,8
2024,Serie A,unknown,unknown,108
2025,Bundesliga,Attack,1800+,27
2025,Bundesliga,Attack,450-899,16
2025,Bundesliga,Attack,900-1799,43
2025,Bundesliga,Attack,<450,50
2025,Bundesliga,Attack,unknown,3
2025,Bundesliga,Defender,1800+,64
2025,Bundesliga,Defender,450-899,25
2025,Bundesliga,Defender,900-1799,49
2025,Bundesliga,Defender,<450,39
2025,Bundesliga,Defender,unknown,7
2025,Bundesliga,Goalkeeper,1800+,15
2025,Bundesliga,Goalkeeper,450-899,7
2025,Bundesliga,Goalkeeper,900-1799,5
2025,Bundesliga,Goalkeeper,<450,10
2025,Bundesliga,Goalkeeper,unknown,12
2025,Bundesliga,Midfield,1800+,38
2025,Bundesliga,Midfield,450-899,20
2025,Bundesliga,Midfield,900-1799,39
2025,Bundesliga,Midfield,<450,43
2025,Bundesliga,Midfield,unknown,3
2025,Bundesliga,unknown,450-899,2
2025,Bundesliga,unknown,unknown,62
2025,La Liga,Attack,1800+,45
2025,La Liga,Attack,450-899,32
2025,La Liga,Attack,900-1799,48
2025,La Liga,Attack,<450,70
2025,La Liga,Attack,unknown,8
2025,La Liga,Defender,1800+,80
2025,La Liga,Defender,450-899,34
2025,La Liga,Defender,900-1799,43
2025,La Liga,Defender,<450,46
2025,La Liga,Defender,unknown,11
2025,La Liga,Goalkeeper,1800+,18
2025,La Liga,Goalkeeper,450-899,8
2025,La Liga,Goalkeeper,900-1799,7
2025,La Liga,Goalkeeper,<450,12
2025,La Liga,Goalkeeper,unknown,10
2025,La Liga,Midfield,1800+,46
2025,La Liga,Midfield,450-899,20
2025,La Liga,Midfield,900-1799,48
2025,La Liga,Midfield,<450,42
2025,La Liga,Midfield,unknown,10
2025,La Liga,unknown,1800+,1
2025,La Liga,unknown,900-1799,2
2025,La Liga,unknown,<450,1
2025,La Liga,unknown,unknown,116
2025,Ligue 1,Attack,1800+,28
2025,Ligue 1,Attack,450-899,23
2025,Ligue 1,Attack,900-1799,47
2025,Ligue 1,Attack,<450,70
2025,Ligue 1,Attack,unknown,7
2025,Ligue 1,Defender,1800+,58
2025,Ligue 1,Defender,450-899,30
2025,Ligue 1,Defender,900-1799,52
2025,Ligue 1,Defender,<450,47
2025,Ligue 1,Defender,unknown,13
2025,Ligue 1,Goalkeeper,1800+,13
2025,Ligue 1,Goalkeeper,450-899,3
2025,Ligue 1,Goalkeeper,900-1799,10
2025,Ligue 1,Goalkeeper,<450,10
2025,Ligue 1,Goalkeeper,unknown,10
2025,Ligue 1,Midfield,1800+,39
2025,Ligue 1,Midfield,450-899,25
2025,Ligue 1,Midfield,900-1799,40
2025,Ligue 1,Midfield,<450,54
2025,Ligue 1,Midfield,unknown,4
2025,Ligue 1,unknown,1800+,1
2025,Ligue 1,unknown,900-1799,1
2025,Ligue 1,unknown,<450,2
2025,Ligue 1,unknown,unknown,82
2025,Premier League,Attack,1800+,45
2025,Premier League,Attack,450-899,20
2025,Premier League,Attack,900-1799,32
2025,Premier League,Attack,<450,61
2025,Premier League,Attack,unknown,6
2025,Premier League,Defender,1800+,70
2025,Premier League,Defender,450-899,22
2025,Premier League,Defender,900-1799,52
2025,Premier League,Defender,<450,60
2025,Premier League,Defender,unknown,14
2025,Premier League,Goalkeeper,1800+,19
2025,Premier League,Goalkeeper,450-899,7
2025,Premier League,Goalkeeper,900-1799,8
2025,Premier League,Goalkeeper,<450,11
2025,Premier League,Goalkeeper,unknown,20
2025,Premier League,Midfield,1800+,61
2025,Premier League,Midfield,450-899,27
2025,Premier League,Midfield,900-1799,35
2025,Premier League,Midfield,<450,40
2025,Premier League,Midfield,unknown,10
2025,Premier League,unknown,1800+,1
2025,Premier League,unknown,450-899,2
2025,Premier League,unknown,900-1799,1
2025,Premier League,unknown,<450,2
2025,Premier League,unknown,unknown,80
2025,Serie A,Attack,1800+,35
2025,Serie A,Attack,450-899,31
2025,Serie A,Attack,900-1799,36
2025,Serie A,Attack,<450,62
2025,Serie A,Attack,unknown,8
2025,Serie A,Defender,1800+,72
2025,Serie A,Defender,450-899,24
2025,Serie A,Defender,900-1799,62
2025,Serie A,Defender,<450,60
2025,Serie A,Defender,unknown,11
2025,Serie A,Goalkeeper,1800+,17
2025,Serie A,Goalkeeper,450-899,9
2025,Serie A,Goalkeeper,900-1799,8
2025,Serie A,Goalkeeper,<450,15
2025,Serie A,Goalkeeper,unknown,20
2025,Serie A,Midfield,1800+,52
2025,Serie A,Midfield,450-899,25
2025,Serie A,Midfield,900-1799,59
2025,Serie A,Midfield,<450,68
2025,Serie A,Midfield,unknown,12
2025,Serie A,unknown,1800+,1
2025,Serie A,unknown,unknown,128
2026,Bundesliga,Attack,<450,88
2026,Bundesliga,Attack,unknown,9
2026,Bundesliga,Defender,<450,106
2026,Bundesliga,Defender,unknown,18
2026,Bundesliga,Goalkeeper,<450,16
2026,Bundesliga,Goalkeeper,unknown,21
2026,Bundesliga,Midfield,<450,99
2026,Bundesliga,Midfield,unknown,8
2026,Bundesliga,unknown,<450,47
2026,Bundesliga,unknown,unknown,19
2026,La Liga,Attack,<450,127
2026,La Liga,Attack,unknown,13
2026,La Liga,Defender,450-899,1
2026,La Liga,Defender,<450,133
2026,La Liga,Defender,unknown,20
2026,La Liga,Goalkeeper,450-899,1
2026,La Liga,Goalkeeper,<450,22
2026,La Liga,Goalkeeper,unknown,21
2026,La Liga,Midfield,450-899,1
2026,La Liga,Midfield,<450,101
2026,La Liga,Midfield,unknown,9
2026,La Liga,unknown,<450,52
2026,La Liga,unknown,unknown,60
2026,Ligue 1,Attack,<450,99
2026,Ligue 1,Attack,unknown,10
2026,Ligue 1,Defender,<450,111
2026,Ligue 1,Defender,unknown,11
2026,Ligue 1,Goalkeeper,<450,21
2026,Ligue 1,Goalkeeper,unknown,13
2026,Ligue 1,Midfield,<450,86
2026,Ligue 1,Midfield,unknown,7
2026,Ligue 1,unknown,<450,71
2026,Ligue 1,unknown,unknown,41
2026,Premier League,Attack,<450,106
2026,Premier League,Attack,unknown,12
2026,Premier League,Defender,<450,134
2026,Premier League,Defender,unknown,23
2026,Premier League,Goalkeeper,<450,25
2026,Premier League,Goalkeeper,unknown,25
2026,Premier League,Midfield,<450,118
2026,Premier League,Midfield,unknown,14
2026,Premier League,unknown,<450,23
2026,Premier League,unknown,unknown,24
2026,Serie A,Attack,<450,97
2026,Serie A,Attack,unknown,20
2026,Serie A,Defender,<450,128
2026,Serie A,Defender,unknown,33
2026,Serie A,Goalkeeper,<450,23
2026,Serie A,Goalkeeper,unknown,27
2026,Serie A,Midfield,<450,128
2026,Serie A,Midfield,unknown,18
2026,Serie A,unknown,<450,33
2026,Serie A,unknown,unknown,63
